frame_id,time_s,force_N,cycle_id,phase
frame_00,0.50,0.000,C1,load
frame_01,1.00,1400.000,C1,load
frame_02,1.50,2800.000,C1,load
frame_03,2.00,4200.000,C1,load
frame_04,2.50,5600.000,C1,load
frame_05,3.00,7000.000,C1,load
frame_06,3.50,5600.000,C1,unload
frame_07,4.00,4200.000,C1,unload
frame_08,4.50,2800.000,C1,unload
frame_09,5.00,1400.000,C1,unload
frame_10,5.50,0.000,C1,unload
frame_11,6.00,0.000,C2,load
frame_12,6.50,1575.000,C2,load
frame_13,7.00,3150.000,C2,load
frame_14,7.50,4725.000,C2,load
frame_15,8.00,6300.000,C2,load
frame_16,8.50,7875.000,C2,load
frame_17,9.00,6300.000,C2,unload
frame_18,9.50,4725.000,C2,unload
frame_19,10.00,3150.000,C2,unload
frame_20,10.50,1575.000,C2,unload
frame_21,11.00,0.000,C2,unload
